neighbourhood,waste mass
Waterfront Communities-The Island,901.3929691
Newtonbrook East,843.9078742
York University Heights,747.5339101
Dorset Park,961.7146114
Englemount-lawrence,856.0520167
Bay Street Corridor,581.0648993
Yorkdale-glen Park,312.7558596
Agincourt South-malvern West,912.4448241
Stonegate-queensway,614.5165891
Parkwoods-donalda,353.1242618
South Riverdale,470.2844479
Newtonbrook West,790.943399
Church-yonge Corridor,989.1676988
Mount Olive-silverstone-jamestown,481.182873
Casa Loma,715.216909
Downsview-roding-cfb,441.5934997
South Riverdale,935.4872348
Kennedy Park,913.7871804
Agincourt South-malvern West,956.6703897
York University Heights,687.1244833
Rouge,374.0873761
Princess-rosethorn,854.1585516
Willowdale West,344.1474021
Bayview Village,911.4481172
Mimico,636.7117417
Willowdale East,724.3241113
Henry Farm,639.4661295
Agincourt North,601.3834419
Willowdale East,799.8907756
Edenbridge-humber Valley,461.3538004
Englemount-lawrence,958.4725257
Pleasant View,789.5994372
West Humber-clairville,703.47185
Banbury-don Mills,825.0776216
Woburn,1073.234907
Mimico,699.658417
Mimico,812.1095196
Agincourt North,978.1748152
Church-yonge Corridor,790.495499
Bay Street Corridor,528.6366076
West Hill,865.351533
Etobicoke West Mall,1056.076297
Niagara,428.7679985
Etobicoke West Mall,645.4202288
High Park-swansea,409.2571474
Newtonbrook East,1016.134251
Bridle Path-sunnybrook-york Mills,1013.98359
West Humber-clairville,658.0173772
Waterfront Communities-The Island,267.8353789
Niagara,816.0986591
Scarborough Village,672.097858
Henry Farm,766.4779465
Clanton Park,767.1556582
Bay Street Corridor,808.0235301
Rouge,782.6750977
Waterfront Communities-The Island,555.2822182
Little Portugal,924.0418128
Mount Pleasant East,732.5374794
Niagara,757.5640819
Kingsview Village-the Westway,724.8058527
Bay Street Corridor,315.0701575
Agincourt North,619.6482316
Waterfront Communities-The Island,1001.693421
Yorkdale-glen Park,787.9117564
Little Portugal,898.7955371
South Riverdale,774.7104266
University,447.1365241
Church-yonge Corridor,828.9327702
Niagara,268.6913315
Mount Olive-silverstone-jamestown,820.610294
Don Valley Village,457.4059338
Niagara,541.5110013
The Beaches,564.3469915
Bay Street Corridor,555.7417186
Waterfront Communities-The Island,550.6765153
Mount Pleasant West,1072.94761
Bay Street Corridor,782.4443444
Niagara,519.2946938
Waterfront Communities-The Island,573.4789307
Edenbridge-humber Valley,691.9147147
Church-yonge Corridor,472.7395742
Don Valley Village,951.020371
Little Portugal,906.8079724
Islington-city Centre West,703.0088237
Mimico,660.539655
Willowdale East,573.7370696
Waterfront Communities-The Island,399.5843831
Niagara,757.7230689
Moss Park,601.2676247
Corso Italia-davenport,610.3756524
Forest Hill South,404.0226289
Newtonbrook East,1030.011856
Niagara,759.4088923
Niagara,572.3485515
Lawrence Park South,718.0431316
Niagara,548.8401191
Forest Hill North,632.0632515
Glenfield-jane Heights,653.5239913
Dorset Park,930.4684039
Kingsway South,936.2897135
Willowdale East,885.0207637
Woburn,740.3924773
Waterfront Communities-The Island,492.7580854
Eglinton East,920.8066915
Bay Street Corridor,712.911474
Dovercourt-wallace Emerson-junction,792.7913388
Tam O'shanter-sullivan,693.0604278
Lawrence Park North,376.8484293
Islington-city Centre West,728.696761
Lansing-westgate,994.5035725
Rosedale-moore Park,532.9258645
Kensington-chinatown,249.4977975
Waterfront Communities-The Island,527.721566
Mount Dennis,692.9821647
Waterfront Communities-The Island,775.8962647
Casa Loma,640.8747907
Willowdale East,510.5490566
High Park-swansea,733.054897
Yonge-eglinton,422.9579334
Mount Pleasant East,746.1828275
Princess-rosethorn,655.9015238
Mount Pleasant West,459.8329154
Waterfront Communities-The Island,936.9147184
Willowdale West,534.6905447
The Beaches,759.7836475
Islington-city Centre West,525.14355
Don Valley Village,613.3061031
Mimico,810.8865878
Willowdale East,545.1918669
Tam O'shanter-sullivan,438.3055487
L'amoreaux,696.4484841
Woburn,911.1931646
Willowdale West,316.6317737
Guildwood,591.3303521
Yorkdale-glen Park,841.6522273
Niagara,582.9027344
Oakwood-vaughan,487.2346462
Guildwood,835.4447378
Stonegate-queensway,449.811416
Highland Creek,787.1859575
West Humber-clairville,692.2170848
Willowdale East,402.5650783
Niagara,545.1383542
Rosedale-moore Park,814.920409
Church-yonge Corridor,446.2832609
Lansing-westgate,791.7432449
Bay Street Corridor,597.0665074
Willowdale East,915.7566891
Bendale,787.9508048
Niagara,463.2389516
Bay Street Corridor,604.9168138
Church-yonge Corridor,461.7998593
High Park North,535.1118958
Bay Street Corridor,469.4901649
Niagara,597.792888
Niagara,574.9320901
Cabbagetown-south St. James Town,857.1207952
Centennial Scarborough,556.8410104
Lansing-westgate,531.9992628
Niagara,559.771812
Banbury-don Mills,761.5536615
Etobicoke West Mall,332.648922
Junction Area,896.4940003
Stonegate-queensway,629.1497058
Dorset Park,425.5003488
Kingsview Village-the Westway,780.428957
Mount Pleasant West,672.0485348
Willowdale East,789.9088695
Parkwoods-donalda,658.5777293
High Park-swansea,535.7099449
The Beaches,487.1872619
L'amoreaux,611.2686803
Henry Farm,943.9141972
Waterfront Communities-The Island,433.4507799
Bay Street Corridor,573.2562607
Agincourt South-malvern West,310.5297412
Malvern,979.6248523
Willowdale East,659.564145
Bay Street Corridor,667.9379273
Humewood-cedarvale,1011.96268
Bedford Park-nortown,914.8825288
Bridle Path-sunnybrook-york Mills,627.7359671
Waterfront Communities-The Island,673.7539804
Mimico,531.5770483
Little Portugal,850.171511
Banbury-don Mills,492.9207279
Niagara,613.2970013
Waterfront Communities-The Island,1072.573897
Centennial Scarborough,943.9068521
Dorset Park,633.2183767
Niagara,635.686431
Mimico,522.2101027
Palmerston-little Italy,629.1165833
Waterfront Communities-The Island,713.8334605
Pleasant View,912.2675964
Englemount-lawrence,808.7630276
Yorkdale-glen Park,434.9467359
Roncesvalles,465.1769639
Englemount-lawrence,777.5346006
Little Portugal,775.8632946
Roncesvalles,627.9317583
Malvern,399.1328466
Markland Wood,578.336077
Agincourt South-malvern West,435.1211014
Henry Farm,739.9624903
Mimico,473.0106621
Newtonbrook West,592.034522
Church-yonge Corridor,836.3644035
Waterfront Communities-The Island,723.7378262
Clanton Park,649.2424696
Niagara,697.3962695
Milliken,865.528299
Roncesvalles,470.6882671
Waterfront Communities-The Island,804.0617636
Lawrence Park South,757.0608706
Lansing-westgate,662.7916662
Willowdale East,646.7804325
Westminster-branson,407.8641179
Banbury-don Mills,852.3895019
Willowridge-martingrove-richview,557.6423472
Etobicoke West Mall,931.5869207
Kennedy Park,560.5225949
Mount Olive-silverstone-jamestown,530.9295573
Wychwood,299.3956081
Niagara,568.7023156
Woburn,616.4279503
Malvern,451.7841768
Eringate-centennial-west Deane,496.8837322
Mount Olive-silverstone-jamestown,652.9069871
Centennial Scarborough,559.1375127
University,742.3870729
Waterfront Communities-The Island,673.5866905
Bayview Village,671.352589
Glenfield-jane Heights,682.4336841
Banbury-don Mills,447.6197223
Islington-city Centre West,233.7805782
Humber Summit,952.0182326
Bayview Village,776.1788223
Markland Wood,615.0461397
Mimico,881.6223604
Regent Park,677.7538319
Broadview North,451.9696361
Kennedy Park,929.0538231
Humewood-cedarvale,707.4580355
Bay Street Corridor,748.93682
Agincourt South-malvern West,737.5503091
Waterfront Communities-The Island,627.7509884
Willowdale East,763.2812946
The Beaches,347.4564829
Mimico,736.1155891
Waterfront Communities-The Island,919.9379265
Birchcliffe-cliffside,993.3914646
Church-yonge Corridor,1038.699243
Long Branch,426.9501222
Banbury-don Mills,523.4137081
Niagara,647.4593008
Banbury-don Mills,922.4811663
Henry Farm,965.8890902
Niagara,792.5861479
Niagara,964.3212125
Mimico,899.7781997
Willowdale East,402.5778794
Moss Park,276.8136623
Etobicoke West Mall,676.5798842
Morningside,688.3499672
Elms-old Rexdale,788.4557776
Waterfront Communities-The Island,698.0577987
Waterfront Communities-The Island,292.7350079
The Beaches,632.4494017
Willowdale East,666.0875956
Willowdale West,930.1976111
Black Creek,639.4168356
York University Heights,705.8142583
Malvern,980.4237139
Mimico,383.554064
Mount Olive-silverstone-jamestown,747.0377789
Waterfront Communities-The Island,755.4077187
Newtonbrook West,457.1788732
Woodbine Corridor,260.2477401
Waterfront Communities-The Island,432.4909559
Leaside,340.9834556
Forest Hill North,475.6976959
Glenfield-jane Heights,632.9413754
Mimico,456.1014266
Niagara,499.1921475
Mount Pleasant West,505.2320035
Islington-city Centre West,537.9204676
Englemount-lawrence,606.2218418
Newtonbrook East,608.068236
Dovercourt-wallace Emerson-junction,964.6065185
Yorkdale-glen Park,702.6886793
Don Valley Village,874.2680306
High Park-swansea,926.8545837
Annex,618.4090258
Annex,631.4554774
Church-yonge Corridor,733.6481854
Niagara,670.5454973
Humewood-cedarvale,197.4712788
Woburn,398.8956213
Rustic,394.2089758
Mimico,763.5538402
Don Valley Village,728.428916
Islington-city Centre West,696.433339
New Toronto,476.4226301
Mount Pleasant West,955.4243543
High Park North,637.771021
Don Valley Village,326.5909749
Runnymede-bloor West Village,535.8440363
Princess-rosethorn,348.5019046
Weston,485.5092588
Dovercourt-wallace Emerson-junction,744.7591145
Islington-city Centre West,405.3473449
Mount Pleasant West,601.3449006
Church-yonge Corridor,707.4861892
The Beaches,714.3450385
Yonge-eglinton,671.4182067
Markland Wood,280.7249998
North Riverdale,418.2464948
Bedford Park-nortown,587.2819065
Bendale,704.2721977
Roncesvalles,735.07632
South Parkdale,893.3920488
Banbury-don Mills,518.1557056
Waterfront Communities-The Island,857.0840496
Mount Pleasant West,446.9276875
Moss Park,864.6638962
Leaside,548.4264491
Waterfront Communities-The Island,820.109231
Thorncliffe Park,549.9047432
Agincourt South-malvern West,644.3704389
Cabbagetown-south St. James Town,693.2186552
Mimico,450.1241432
Mount Olive-silverstone-jamestown,802.285144
Willowdale West,705.3085057
Downsview-roding-cfb,703.4532721
West Hill,503.1195477
Bay Street Corridor,556.7264877
Rouge,760.3795812
Waterfront Communities-The Island,599.5953865
Bay Street Corridor,387.6754597
Mimico,756.07455
Church-yonge Corridor,643.4656648
Banbury-don Mills,409.9348724
University,879.5607668
Malvern,400.7187331
Victoria Village,1031.831241
Yonge-eglinton,834.9114293
Thorncliffe Park,861.7885945
Waterfront Communities-The Island,441.7300194
Bendale,408.9149876
Willowdale East,891.9817688
Hillcrest Village,641.8688796
York University Heights,1008.212699
Willowdale East,893.2511203
Keelesdale-eglinton West,895.723369
Don Valley Village,885.0568707
Roncesvalles,321.627523
York University Heights,779.5953336
Niagara,494.8032839
Niagara,991.8631178
Regent Park,734.7883428
Yonge-eglinton,481.4395543
Niagara,630.7758062
Etobicoke West Mall,622.9759486
Scarborough Village,658.9422238
Agincourt South-malvern West,511.0764719
The Beaches,641.4767672
Bendale,989.684277
Waterfront Communities-The Island,621.8610497
Waterfront Communities-The Island,275.5357437
Mount Olive-silverstone-jamestown,399.2619571
Regent Park,687.1064627
Weston,731.2793295
West Humber-clairville,433.6163465
Mimico,1021.029252
Waterfront Communities-The Island,740.3231856
Waterfront Communities-The Island,635.1031933
Waterfront Communities-The Island,869.9999228
Humber Heights,984.627909
Bay Street Corridor,452.7905223
Downsview-roding-cfb,783.8067559
Weston,531.065456
Scarborough Village,771.5703214
Mimico,633.4441244
O'connor-parkview,423.3896474
Malvern,445.2308519
Birchcliffe-cliffside,716.9695908
Markland Wood,569.002589
L'amoreaux,491.4000921
Mount Pleasant West,708.2750383
Lansing-westgate,428.5362769
Downsview-roding-cfb,239.6639152
Mimico,697.2737023
Waterfront Communities-The Island,520.1523823
Milliken,708.7592079
Lansing-westgate,625.7544372
Cabbagetown-south St. James Town,647.2061736
High Park-swansea,290.6787023
Bay Street Corridor,652.154726
Cliffcrest,577.6596286
Dorset Park,658.5436577
Scarborough Village,590.0718567
Casa Loma,877.3593292
Waterfront Communities-The Island,714.6166495
Mimico,247.0019327
Yorkdale-glen Park,793.3913551
Clairlea-birchmount,840.6181052
Bay Street Corridor,675.4479221
Waterfront Communities-The Island,717.167289
Willowdale East,649.2185927
Eglinton East,544.4646784
Bay Street Corridor,964.7554621
Waterfront Communities-The Island,896.0506592
Lawrence Park North,775.0751729
West Humber-clairville,1035.524809
Church-yonge Corridor,974.0558443
South Riverdale,636.1289876
Bedford Park-nortown,736.429601
Eglinton East,468.7089083
Rockcliffe-smythe,690.1925208
Niagara,510.7303949
Willowdale East,479.1019958
Niagara,610.7261591
Mount Pleasant East,804.9811232
Downsview-roding-cfb,742.1378773
Lansing-westgate,805.2679609
Kingsview Village-the Westway,524.3861692
Mimico,799.1299183
Banbury-don Mills,356.013558
Willowdale East,465.9396692
West Hill,749.3923191
Tam O'shanter-sullivan,575.6953923
Niagara,513.1764045
Long Branch,675.9013533
Steeles,914.8407687
Parkwoods-donalda,368.0712635
Church-yonge Corridor,508.7198131
West Hill,532.5443276
Kennedy Park,361.3836611
Willowdale East,347.1290468
Banbury-don Mills,583.1969097
Brookhaven-amesbury,909.9826121
Newtonbrook East,816.9265934
Islington-city Centre West,589.8706065
Woburn,436.1230028
Willowdale West,713.8703896
West Humber-clairville,267.3467162
West Humber-clairville,798.0904633
Humber Heights,608.4713382
Mount Pleasant West,1025.226538
Willowridge-martingrove-richview,469.1261266
Henry Farm,683.030173
Junction Area,782.4082488
Little Portugal,630.3975746
Willowdale East,417.6233401
Cabbagetown-south St. James Town,670.2841216
Mount Pleasant West,333.6852589
East End-danforth,790.5611567
Waterfront Communities-The Island,786.2413958
Humewood-cedarvale,681.8812989
Bedford Park-nortown,432.3198441
Humbermede,662.6217108
Church-yonge Corridor,402.5379521
Mount Olive-silverstone-jamestown,835.2362985
Downsview-roding-cfb,686.4103627
Kensington-chinatown,649.3080878
Centennial Scarborough,903.1337561
High Park-swansea,473.4124574
Lansing-westgate,678.6086318
Mount Olive-silverstone-jamestown,659.1586683
Roncesvalles,603.0677299
Yorkdale-glen Park,759.1020077
Forest Hill South,647.9311494
Islington-city Centre West,766.6798541
Bay Street Corridor,914.203197
Flemingdon Park,282.4915664
Lambton Baby Point,606.2214019
Annex,469.7845474
Waterfront Communities-The Island,403.1789643
Flemingdon Park,423.4670022
Flemingdon Park,774.3550297
Humber Summit,1045.647831
Parkwoods-donalda,930.7292511
Don Valley Village,553.4402568
Birchcliffe-cliffside,520.6838256
Markland Wood,720.2875192
Centennial Scarborough,494.2439141
Mimico,649.833441
Bay Street Corridor,493.8977586
Church-yonge Corridor,608.7053885
Junction Area,580.5231224
Etobicoke West Mall,713.5079285
Bay Street Corridor,944.5615709
Islington-city Centre West,722.7815639
Malvern,490.3391357
Westminster-branson,617.9349949
Church-yonge Corridor,567.0474131
Bendale,719.5320738
Mount Olive-silverstone-jamestown,653.53695
Agincourt South-malvern West,736.8096294
Willowdale West,622.4590056
Humbermede,564.5917033
Briar Hill-belgravia,434.9192795
L'amoreaux,680.8984732
Mount Olive-silverstone-jamestown,483.1849754
Mimico,467.1616878
Kensington-chinatown,625.4240802
Stonegate-queensway,680.6534235
Islington-city Centre West,728.7009642
Downsview-roding-cfb,437.8315758
The Beaches,430.2177194
Annex,707.2942925
Englemount-lawrence,420.6267655
Yorkdale-glen Park,662.4757134
Islington-city Centre West,509.1229458
Waterfront Communities-The Island,416.0317672
Bay Street Corridor,940.1852227
Regent Park,1021.299533
South Parkdale,395.0479144
Annex,626.8936865
Church-yonge Corridor,1017.668874
Leaside,555.6025755
Bayview Village,553.3816521
Church-yonge Corridor,543.3500924
Waterfront Communities-The Island,721.9028173
Parkwoods-donalda,996.3089783
Regent Park,542.861637
Agincourt South-malvern West,776.6403914
Humber Heights,438.8922635
Hillcrest Village,1066.478534
Princess-rosethorn,837.424101
West Hill,738.5042881
Waterfront Communities-The Island,723.1747811
Willowdale East,792.4818205
Scarborough Village,875.4679913
Englemount-lawrence,963.8922145
High Park-swansea,644.3240987
Agincourt South-malvern West,639.1123541
Leaside,863.8755099
Niagara,768.6028989
Scarborough Village,358.0496017
Morningside,771.9998628
Mimico,433.8111039
Clairlea-birchmount,580.4041599
Henry Farm,1032.106943
Clairlea-birchmount,422.7294879
Niagara,703.7746165
Church-yonge Corridor,671.9478428
Mimico,622.6068403
Church-yonge Corridor,902.0506841
Eringate-centennial-west Deane,667.7752224
Dovercourt-wallace Emerson-junction,528.4811628
Waterfront Communities-The Island,1038.242784
Bay Street Corridor,705.7671412
Islington-city Centre West,737.6933001
Eglinton East,466.3008034
High Park-swansea,619.5385822
Briar Hill-belgravia,651.2681645
Elms-old Rexdale,895.2112697
Regent Park,645.237485
Waterfront Communities-The Island,592.5809182
Waterfront Communities-The Island,716.3470381
Mimico,522.1939364
Victoria Village,579.0158854
Scarborough Village,711.7089536
Kingsway South,798.5213021
Islington-city Centre West,749.7077486
The Beaches,760.1900468
Kingsview Village-the Westway,831.9351575
Niagara,712.4166654
Agincourt North,651.7495714
Humbermede,746.2107991
Niagara,598.5174554
Mount Pleasant West,565.5120425
Niagara,341.8458559
Niagara,501.7216566
Westminster-branson,789.615938
Malvern,800.9230043
Mimico,881.8103355
Mimico,479.4847865
Kingsway South,530.3806207
Mimico,543.9612331
Waterfront Communities-The Island,820.7830712
Glenfield-jane Heights,672.4324178
Henry Farm,655.9644133
Little Portugal,1022.731799
Brookhaven-amesbury,822.9138611
Waterfront Communities-The Island,712.7943655
Agincourt South-malvern West,934.8159785
Annex,646.2953104
Leaside,743.0141004
Bay Street Corridor,474.8580658
High Park-swansea,737.9954634
Milliken,352.7112822
Westminster-branson,694.4859558
Willowdale West,621.406676
Humber Heights,885.6620492
Church-yonge Corridor,478.2001576
Waterfront Communities-The Island,829.2331283
Bayview Woods-steeles,416.3285887
Hillcrest Village,609.853869
Mimico,593.7419686
Newtonbrook West,726.7428476
Church-yonge Corridor,880.5930923
Casa Loma,337.9051073
Brookhaven-amesbury,568.0249536
Kensington-chinatown,747.5872835
Mimico,733.2843041
High Park-swansea,403.6777816
Niagara,596.6652571
Mimico,406.4091018
High Park-swansea,851.9585515
Moss Park,569.1072471
Dovercourt-wallace Emerson-junction,835.7053833
L'amoreaux,828.0680963
Palmerston-little Italy,755.249515
Kingsview Village-the Westway,848.0103158
Flemingdon Park,439.8909871
Lawrence Park North,408.0809698
Bay Street Corridor,660.9363628
Henry Farm,274.5257837
South Riverdale,657.4492776
Don Valley Village,748.5986675
Rockcliffe-smythe,631.4089506
Islington-city Centre West,627.3134695
South Riverdale,245.2984351
Clanton Park,746.4021635
York University Heights,539.841818
Mimico,557.1342376
Birchcliffe-cliffside,471.3604832
Kingsview Village-the Westway,948.9640817
Mount Pleasant West,535.6460102
Agincourt North,611.6143563
Niagara,485.0190833
Bathurst Manor,486.5221076
Agincourt South-malvern West,673.3382164
Mimico,608.9963605
Niagara,667.4521973
Waterfront Communities-The Island,628.1017264
Willowdale East,672.6188363
Bayview Village,528.7283408
Willowdale East,671.793929
Islington-city Centre West,884.4506816
Weston-pellam Park,720.0215276
Waterfront Communities-The Island,840.496676
Woburn,525.8374544
Rouge,396.5152542
L'amoreaux,712.5953469
Willowdale East,474.5326385
Glenfield-jane Heights,337.0818718
Kensington-chinatown,592.1480879
High Park-swansea,571.0249814
Willowdale East,773.5749265
Islington-city Centre West,740.4480767
High Park-swansea,604.3467504
Little Portugal,741.8963876
Bay Street Corridor,704.16417
East End-danforth,707.0139983
Willowridge-martingrove-richview,284.072374
Islington-city Centre West,490.6861166
Etobicoke West Mall,709.3271802
Willowdale East,521.2646588
York University Heights,241.3951054
Birchcliffe-cliffside,364.8256347
Banbury-don Mills,758.3779864
Islington-city Centre West,760.5202466
Regent Park,375.4289979
Yonge-eglinton,551.0820463
Kensington-chinatown,719.7297105
Niagara,663.4315247
Bay Street Corridor,833.2181856
Woburn,611.0746371
Bayview Village,680.9633772
O'connor-parkview,948.6256792
L'amoreaux,996.285482
Milliken,455.4644443
Westminster-branson,676.6430746
Bayview Village,665.3757394
Rouge,931.5736594
Malvern,681.6500319
Bayview Village,648.9312225
Bendale,872.8785821
Black Creek,407.8987956
Humber Summit,617.0633458
Agincourt South-malvern West,816.6284408
Birchcliffe-cliffside,580.9699273
Willowridge-martingrove-richview,962.9815185
Dovercourt-wallace Emerson-junction,982.3454187
Princess-rosethorn,393.3770123
Scarborough Village,456.0249931
High Park North,564.8247835
L'amoreaux,336.7353279
Waterfront Communities-The Island,908.8974889
Waterfront Communities-The Island,865.5880496
Guildwood,629.7017478
Newtonbrook West,575.4396371
Church-yonge Corridor,667.0638427
South Riverdale,1005.823089
Banbury-don Mills,583.229308
Willowridge-martingrove-richview,687.6826314
Islington-city Centre West,617.1996849
Church-yonge Corridor,279.1491812
Brookhaven-amesbury,520.1686484
West Hill,910.1201649
Cabbagetown-south St. James Town,406.2536246
Kingsview Village-the Westway,721.7867352
Moss Park,775.3131157
High Park North,607.4581995
Markland Wood,525.939463
L'amoreaux,853.2351982
Pleasant View,934.355206
Mount Pleasant West,656.2740903
Rosedale-moore Park,410.0548381
L'amoreaux,731.0380494
Kennedy Park,583.0961728
Church-yonge Corridor,398.0756426
Etobicoke West Mall,703.2533188
Church-yonge Corridor,631.1834606
Waterfront Communities-The Island,342.9581082
Kingsview Village-the Westway,628.5624081
Cabbagetown-south St. James Town,795.770797
Moss Park,927.3019845
Long Branch,616.5600598
Waterfront Communities-The Island,577.7929877
Tam O'shanter-sullivan,805.9526544
Willowdale East,574.4807541
Casa Loma,419.0266164
Annex,507.705248
Islington-city Centre West,586.7870896
Mimico,453.395801
Humber Heights,632.7946172
Agincourt North,508.9856243
Islington-city Centre West,714.8104873
Niagara,861.708248
Lawrence Park North,605.9934637
Cabbagetown-south St. James Town,471.6415139
Willowdale West,544.0647866
Church-yonge Corridor,392.9579134
Bay Street Corridor,651.957466
Victoria Village,570.3253183
Moss Park,541.1698825
Wexford-maryvale,1016.071011
Banbury-don Mills,634.3685809
Clairlea-birchmount,683.2213334
Niagara,684.2640605
Palmerston-little Italy,931.8522122
Dovercourt-wallace Emerson-junction,724.8840243
Waterfront Communities-The Island,619.5180529
Annex,704.2704863
Junction Area,494.2976262
Milliken,577.495017
Don Valley Village,434.628507
Islington-city Centre West,689.4371801
Etobicoke West Mall,444.4286582
Malvern,953.3969877
Bendale,377.9495832
Bayview Village,929.5961849
Lawrence Park North,541.7171103
Dorset Park,760.8308272
Rosedale-moore Park,617.6591759
Birchcliffe-cliffside,695.7551482
Mimico,457.479525
Islington-city Centre West,735.227825
The Beaches,556.619412
Waterfront Communities-The Island,719.5730388
Niagara,452.4956235
L'amoreaux,587.7332418
Clanton Park,568.8324459
Henry Farm,727.5361977
Bay Street Corridor,452.0580627
Glenfield-jane Heights,737.8359437
Waterfront Communities-The Island,926.8821646
Kennedy Park,845.5811697
Willowdale East,434.9748051
Waterfront Communities-The Island,667.2856065
Church-yonge Corridor,503.8709848
Clairlea-birchmount,593.824281
Agincourt South-malvern West,903.6578757
Waterfront Communities-The Island,495.5922195
Lansing-westgate,662.720715
Waterfront Communities-The Island,584.5019327
Waterfront Communities-The Island,904.518728
Clairlea-birchmount,419.8228416
Roncesvalles,557.8684137
Hillcrest Village,589.0201415
Regent Park,707.1698481
O'connor-parkview,840.5551678
Mimico,264.7204672
Rockcliffe-smythe,988.9277799
Church-yonge Corridor,522.6106522
Moss Park,776.7354687
Roncesvalles,581.2133269
Palmerston-little Italy,537.356023
Kingsview Village-the Westway,892.0052866
Church-yonge Corridor,837.8575561
Humber Summit,865.4571218
Willowdale West,654.4322756
South Parkdale,1028.203785
South Riverdale,670.9026285
Willowdale East,708.2389841
L'amoreaux,703.7874859
Runnymede-bloor West Village,508.0179335
Cliffcrest,688.0326568
Rouge,361.9239289
Willowdale East,469.0870554
Mount Dennis,670.0360992
Rosedale-moore Park,797.4217659
Etobicoke West Mall,813.0631128
Clairlea-birchmount,560.6775165
East End-danforth,592.125493
Islington-city Centre West,823.866159
York University Heights,866.824655
Newtonbrook East,490.090161
Henry Farm,688.7802649
Bendale,383.2833648
Morningside,548.0693683
Kensington-chinatown,750.7159213
Westminster-branson,400.8880635
Guildwood,674.2822965
Waterfront Communities-The Island,859.4123592
Birchcliffe-cliffside,560.189423
Alderwood,475.4186174
Banbury-don Mills,985.0117901
Wexford-maryvale,732.1274064
Dovercourt-wallace Emerson-junction,638.5802818
Mount Olive-silverstone-jamestown,700.5959054
Henry Farm,757.6966805
Regent Park,830.9490499
Morningside,706.0346712
L'amoreaux,970.1035408
Niagara,472.3182973
Clairlea-birchmount,388.3226797
South Riverdale,743.9305047
Willowdale East,615.711832
Waterfront Communities-The Island,622.8390218
Little Portugal,361.3862646
Woburn,506.0245111
York University Heights,826.6089102
Agincourt North,922.48021
Scarborough Village,524.5991239
Waterfront Communities-The Island,684.3875454
Niagara,845.3117997
Niagara,811.6065181
South Riverdale,458.2566534
Mount Pleasant West,733.0338915
Mount Pleasant West,725.7299797
Mimico,604.3404538
Waterfront Communities-The Island,819.9347591
South Parkdale,629.1159232
Church-yonge Corridor,661.9909363
West Humber-clairville,825.019787
Victoria Village,1036.29832
L'amoreaux,720.7764734
Bayview Village,759.8157206
Clairlea-birchmount,626.2921507
Mimico,627.8057086
Bayview Village,691.7293855
Yorkdale-glen Park,824.6853457
Mimico,311.0085746
Steeles,670.5516828
Don Valley Village,619.138997
South Riverdale,681.7951398
Niagara,497.0129757
Waterfront Communities-The Island,653.9712753
Clairlea-birchmount,331.2287371
Agincourt South-malvern West,628.1497904
Kingsview Village-the Westway,903.2065148
Kensington-chinatown,550.2843983
Waterfront Communities-The Island,616.7698188
West Humber-clairville,460.1574433
Malvern,923.6475938
Forest Hill South,607.5516205
The Beaches,636.3356559
Don Valley Village,586.6577662
Glenfield-jane Heights,723.569976
Mimico,860.4763371
Rosedale-moore Park,899.4292377
Mimico,743.8199056
Markland Wood,665.5735826
Eringate-centennial-west Deane,870.9284949
Annex,529.0440944
Mount Olive-silverstone-jamestown,700.0028402
Flemingdon Park,763.1098392
Downsview-roding-cfb,919.1870522
Mimico,707.7092843
Casa Loma,773.7755892
Bay Street Corridor,524.3310361
Forest Hill South,311.4054053
High Park-swansea,759.0181929
Mimico,671.2448144
Agincourt South-malvern West,870.3715917
Willowdale East,629.8715455
The Beaches,302.0315558
Long Branch,449.9617909
Islington-city Centre West,838.5909695
Niagara,444.1869828
Islington-city Centre West,530.7756692
Church-yonge Corridor,452.478734
Willowdale East,654.7167948
Bendale,689.157228
Bay Street Corridor,601.7098523
Kennedy Park,390.4017098
Niagara,599.0580676
Etobicoke West Mall,1044.84205
Willowdale East,664.188952
Markland Wood,715.4533077
Mount Pleasant East,572.1966584
Moss Park,951.8370397
Waterfront Communities-The Island,245.1245839
Mimico,821.7164981
Islington-city Centre West,958.2030992
Victoria Village,797.1310114
Woburn,929.5883784
Islington-city Centre West,925.8489369
Bayview Village,231.7633669
Willowdale West,454.0552492
Markland Wood,535.3613377
Waterfront Communities-The Island,1042.540172
Scarborough Village,690.9169096
Mount Pleasant West,617.8771283
Niagara,362.4508523
York University Heights,638.2759304
Bay Street Corridor,742.9910489
Islington-city Centre West,369.1115249
Hillcrest Village,304.5477011
Bedford Park-nortown,659.6738701
Church-yonge Corridor,999.7419921
Caledonia-fairbank,429.4751977
O'connor-parkview,728.1116182
Ionview,449.6166166
Waterfront Communities-The Island,853.2475745
Malvern,824.1295351
Waterfront Communities-The Island,691.1573165
Malvern,934.1429873
Willowdale East,695.6497683
Bedford Park-nortown,414.0072872
Waterfront Communities-The Island,321.0474996
Kingsway South,439.3918166
Stonegate-queensway,553.2185008
Downsview-roding-cfb,701.9296528
Mimico,827.7702297
Don Valley Village,556.5186496
L'amoreaux,359.3476488
Niagara,849.6100505
Church-yonge Corridor,738.4687531
York University Heights,913.9824358
Westminster-branson,791.1438492
Willowdale East,854.7737315
Yorkdale-glen Park,619.9109013
Kennedy Park,433.879402
Waterfront Communities-The Island,984.5782831
Waterfront Communities-The Island,647.9287664
Islington-city Centre West,634.7163261
Newtonbrook West,672.6701332
Newtonbrook East,825.7653263
Rosedale-moore Park,871.4141744
Agincourt North,1008.995792
Bendale,832.9583201
Don Valley Village,728.834718
Waterfront Communities-The Island,762.7118425
Kensington-chinatown,550.8390146
Waterfront Communities-The Island,595.5522243
Parkwoods-donalda,378.6166953
Mimico,467.6324042
Church-yonge Corridor,699.2104569
Bendale,806.3512424
Mount Olive-silverstone-jamestown,715.8813956
L'amoreaux,663.0383846
Church-yonge Corridor,589.5624004
Tam O'shanter-sullivan,482.1672057
O'connor-parkview,649.5252475
Church-yonge Corridor,631.5462254
Mount Pleasant West,709.6956404
Tam O'shanter-sullivan,821.8920597
Kingsview Village-the Westway,802.6453863
Newtonbrook East,742.7427468
Lawrence Park South,1022.143487
Greenwood-coxwell,315.881611
High Park-swansea,709.3671869
Pleasant View,744.7322448
East End-danforth,486.7516712
Agincourt North,809.6726468
Dorset Park,512.028791
Waterfront Communities-The Island,479.6503161
Waterfront Communities-The Island,813.6860154
Waterfront Communities-The Island,731.1994641
Niagara,760.6289251
Hillcrest Village,712.3432205
Willowdale East,736.3685677
Bayview Village,385.1612249
Mimico,671.4634261
Kingsview Village-the Westway,619.0248381
Kingsway South,910.0065671
Church-yonge Corridor,840.010246
Mount Pleasant West,953.8657715
Casa Loma,577.0787386
Church-yonge Corridor,497.4032704
Willowdale East,811.2027356
East End-danforth,1072.918083
Bedford Park-nortown,645.9587373
Birchcliffe-cliffside,809.3809172
Waterfront Communities-The Island,1004.813741
Bayview Village,839.1953664
Niagara,915.5937893
Kingsview Village-the Westway,715.7232122
Mount Pleasant West,626.4433475
Malvern,836.1201388
Mount Olive-silverstone-jamestown,778.3599055
Bayview Village,711.1735261
Mimico,746.8682022
Downsview-roding-cfb,627.6412362
Church-yonge Corridor,664.672494
Willowdale East,443.6773069
Agincourt South-malvern West,684.5057302
Mount Pleasant West,909.4971586
Niagara,635.7610771
Waterfront Communities-The Island,786.499433
South Riverdale,543.4907365
High Park-swansea,531.1498816
East End-danforth,355.0971729
Mimico,282.6376237
Roncesvalles,471.1270341
Lansing-westgate,603.8807934
Woburn,706.2959288
Roncesvalles,467.6915906
Don Valley Village,880.7300384
Mimico,580.6417506
Waterfront Communities-The Island,395.8489797
Bendale,630.4347645
Moss Park,566.5737164
Waterfront Communities-The Island,841.7658946
Mimico,311.0441915
Edenbridge-humber Valley,488.4705206
Palmerston-little Italy,687.5445551
Niagara,511.9372725
Bayview Village,734.2428776
Rosedale-moore Park,558.4351709
Tam O'shanter-sullivan,765.421941
South Parkdale,972.4706485
South Riverdale,739.0916478
Dovercourt-wallace Emerson-junction,811.7881072
Forest Hill North,913.0781809
Moss Park,701.2878172
Palmerston-little Italy,623.6896003
Westminster-branson,608.5465435
Islington-city Centre West,705.9624928
Stonegate-queensway,552.8743967
Roncesvalles,591.5130677
Clairlea-birchmount,731.3181082
Rosedale-moore Park,630.0711218
Niagara,543.9029426
Long Branch,732.7685197
Waterfront Communities-The Island,652.9046088
Woodbine Corridor,605.5180252
Church-yonge Corridor,822.6113339
Niagara,426.3623912
Annex,724.9349221
South Riverdale,649.6026054
Little Portugal,358.2361148
Edenbridge-humber Valley,890.1515208
Roncesvalles,929.6777338
The Beaches,546.8956635
Englemount-lawrence,801.1039203
South Riverdale,435.4196464
Regent Park,398.9502271
Dovercourt-wallace Emerson-junction,444.6236034
High Park North,598.6951819
Islington-city Centre West,457.5030918
Playter Estates-danforth,780.4796838
Little Portugal,618.0822085
Birchcliffe-cliffside,569.1604142
Clanton Park,464.4265613
Newtonbrook East,944.3617772
University,618.4856744
Henry Farm,816.2205146
Malvern,536.398386
Briar Hill-belgravia,739.3020209
Bendale,663.3956844
Morningside,729.5762813
Banbury-don Mills,479.8533655
Clairlea-birchmount,953.476732
Willowdale East,706.0342339
Waterfront Communities-The Island,900.2005423
Parkwoods-donalda,760.2274525
Henry Farm,371.7913641
Bayview Village,903.6555512
Waterfront Communities-The Island,789.374197
Mimico,727.6839741
Newtonbrook East,442.3050557
Willowdale East,661.323409
West Humber-clairville,707.8470761
Niagara,643.6547552
Newtonbrook West,718.2662541
Bendale,320.365651
Moss Park,913.0202367
South Riverdale,547.2031208
Humber Heights,790.7926194
Church-yonge Corridor,456.741727
The Beaches,676.8009174
Church-yonge Corridor,660.4831723
Kingsview Village-the Westway,531.4522767
Willowdale East,603.439509
Bay Street Corridor,859.2283431
Junction Area,572.0795649
Clairlea-birchmount,529.6503745
Forest Hill South,717.5055939
Junction Area,834.9013334
West Humber-clairville,524.5413688
Hillcrest Village,700.8724562
Yorkdale-glen Park,509.6065781
Bendale,903.560499
Malvern,382.3935273
Newtonbrook West,606.6943325
Regent Park,681.3871947
Waterfront Communities-The Island,589.5830096
Mount Olive-silverstone-jamestown,834.2986359
Downsview-roding-cfb,488.2864259
L'amoreaux,522.472807
Bayview Village,921.1370261
Bedford Park-nortown,519.8639491
Woburn,728.8668743
Humber Heights,795.496174
West Humber-clairville,905.4213888
Malvern,568.1111622
Bay Street Corridor,805.3123933
Guildwood,577.6181063
West Hill,745.90861
Bayview Village,579.5064459
Niagara,924.8806727
Dovercourt-wallace Emerson-junction,414.2280476
Niagara,459.2624299
Mimico,441.2038406
Keelesdale-eglinton West,1034.822488
Annex,648.2901801
Willowdale West,739.6604399
Annex,460.9972312
Lawrence Park South,971.9158217
Junction Area,980.8758126
Waterfront Communities-The Island,387.3264463
Malvern,851.6734178
Newtonbrook West,858.5111598
Willowdale East,577.4402185
Waterfront Communities-The Island,725.3807135
Willowdale East,786.7287095
West Humber-clairville,780.8614674
Guildwood,997.6076435
Leaside,581.4386383
Newtonbrook West,1091.072224
Islington-city Centre West,530.2506976
Long Branch,522.6491955
Mimico,652.766836
Waterfront Communities-The Island,429.956108
Dovercourt-wallace Emerson-junction,449.409411
Church-yonge Corridor,966.3558393
Dovercourt-wallace Emerson-junction,1080.856162
Kingsview Village-the Westway,287.0864295
Moss Park,917.8247678
Malvern,551.7112298
Lawrence Park South,624.6024238
Birchcliffe-cliffside,647.27104
Bendale,560.9664398
Moss Park,728.4497539
Kensington-chinatown,653.9765246
Kingsview Village-the Westway,383.4723137
Islington-city Centre West,343.9281858
Woburn,565.2466019
Glenfield-jane Heights,941.2815656
Weston,819.1124386
Edenbridge-humber Valley,960.719345
Long Branch,810.3952402
Agincourt South-malvern West,520.4349573
Waterfront Communities-The Island,682.4818711
Malvern,724.5492211
Bay Street Corridor,581.7477392
Casa Loma,626.0161161
Steeles,762.1472573
Bay Street Corridor,699.1625432
Church-yonge Corridor,752.8681219
Waterfront Communities-The Island,772.8966673
Willowdale East,857.3562283
Yonge-eglinton,655.2068945
Mimico,602.2843377
Markland Wood,593.318067
Stonegate-queensway,1131.358264
Agincourt South-malvern West,575.5933342
Clanton Park,623.6945901
Rosedale-moore Park,1095.282027
Bay Street Corridor,740.5140204
Willowdale West,513.5389836
Mount Olive-silverstone-jamestown,374.9291309
Clanton Park,574.5132564
Markland Wood,869.4660153
Edenbridge-humber Valley,699.3561743
Willowdale East,571.7496973
York University Heights,936.6974946
Willowdale East,503.5028948
Kingsview Village-the Westway,936.9762546
Stonegate-queensway,816.691514
Oakwood-vaughan,541.7917777
Waterfront Communities-The Island,735.2150829
High Park-swansea,680.0162516
Malvern,785.563293
Scarborough Village,638.7148967
Keelesdale-eglinton West,299.7834387
Mimico,774.3597123
Oakridge,698.4156161
Kennedy Park,559.9322191
Islington-city Centre West,696.9889084
Willowdale East,603.8045349
West Humber-clairville,618.9619619
Waterfront Communities-The Island,712.6884357
Waterfront Communities-The Island,360.9384894
Forest Hill South,1055.580608
Casa Loma,823.6837372
Little Portugal,564.1649709
Mimico,281.1522187
Willowdale East,973.9822586
Etobicoke West Mall,678.3184913
Etobicoke West Mall,762.0597193
Bathurst Manor,851.0198463
Waterfront Communities-The Island,816.9330907
Malvern,469.6232213
Annex,707.1660482
Lansing-westgate,772.7979067
Church-yonge Corridor,677.838113
Mount Olive-silverstone-jamestown,519.0070254
Waterfront Communities-The Island,300.5589811
Agincourt South-malvern West,595.045396
Glenfield-jane Heights,631.4490247
Milliken,558.5981297
Waterfront Communities-The Island,948.8727248
Waterfront Communities-The Island,849.9166157
Lansing-westgate,908.2054106
High Park-swansea,393.0231179
Lansing-westgate,948.9121527
Agincourt South-malvern West,884.9372475
Islington-city Centre West,1023.763433
Woodbine Corridor,696.3289208
Stonegate-queensway,690.2963354
Hillcrest Village,501.5972484
Waterfront Communities-The Island,420.0079893
Tam O'shanter-sullivan,429.2823801
Islington-city Centre West,322.1186144
Downsview-roding-cfb,865.5298533
Waterfront Communities-The Island,708.0414305
West Humber-clairville,570.3778537
Clanton Park,946.2778062
Brookhaven-amesbury,753.1623016
Broadview North,583.1773787
Church-yonge Corridor,633.455258
Steeles,1068.203548
Agincourt North,450.417031
Henry Farm,1082.616865
Islington-city Centre West,494.2135045
Waterfront Communities-The Island,848.863397
Willowridge-martingrove-richview,789.4485353
West Humber-clairville,507.8491631
Kensington-chinatown,863.8999811
Danforth,951.9860571
Little Portugal,525.8000779
Niagara,520.7473252
Mimico,1087.654351
Black Creek,539.2344733
Willowdale East,952.7192731
Dovercourt-wallace Emerson-junction,849.4131563
The Beaches,800.7922579
Church-yonge Corridor,550.3000431
Moss Park,726.5964519
Waterfront Communities-The Island,766.225413
Black Creek,898.8109908
Niagara,846.5877618
Long Branch,485.4136752
Kingsway South,819.9456665
Regent Park,907.9366519
Scarborough Village,506.4121859
Palmerston-little Italy,213.2911738
Waterfront Communities-The Island,195.602981
Westminster-branson,730.0800896
Malvern,562.9270906
South Parkdale,794.2142614
Niagara,375.30856
Niagara,705.4118002
Mount Olive-silverstone-jamestown,608.5462035
Rouge,835.651804
Wexford-maryvale,1100.911725
Kensington-chinatown,516.8063221
Parkwoods-donalda,471.9179318
Bayview Village,639.8999565
Bendale,925.8361723
Waterfront Communities-The Island,443.0360705
Willowdale East,769.9492324
Niagara,742.0919405
Waterfront Communities-The Island,472.0148342
Islington-city Centre West,914.7131894
Agincourt South-malvern West,971.2972619
Centennial Scarborough,827.2681099
Downsview-roding-cfb,618.9669991
L'amoreaux,638.2639229
Church-yonge Corridor,855.3839762
Kingsway South,557.8316236
Bayview Village,910.2039836
Willowdale East,737.5804255
Guildwood,609.7692022
The Beaches,596.6876964
Markland Wood,607.9416602
Bathurst Manor,859.9921227
Downsview-roding-cfb,644.8614528
Cliffcrest,973.4009719
Waterfront Communities-The Island,539.7938673
Bayview Village,732.3631301
Bayview Village,398.1755034
Islington-city Centre West,551.4839714
Palmerston-little Italy,872.4569674
Islington-city Centre West,273.1486583
Waterfront Communities-The Island,695.4748763
Etobicoke West Mall,687.672124
Cabbagetown-south St. James Town,505.5681063
Waterfront Communities-The Island,525.5571708
Yonge-eglinton,707.1236577
Waterfront Communities-The Island,760.1728444
Bay Street Corridor,399.6417899
Westminster-branson,720.7751034
Mimico,904.7732562
L'amoreaux,561.131382
Kensington-chinatown,810.9821566
Dovercourt-wallace Emerson-junction,793.4258571
Malvern,898.0942096
Bridle Path-sunnybrook-york Mills,945.1853367
Woodbine Corridor,392.4746054
University,620.6845291
Newtonbrook West,871.3007202
Waterfront Communities-The Island,562.1352819
Clairlea-birchmount,716.838678
Newtonbrook West,814.405618
Islington-city Centre West,851.8054859
Kensington-chinatown,455.1805507
Yorkdale-glen Park,864.8198831
Waterfront Communities-The Island,475.8924157
Mount Pleasant West,922.0511356
Bay Street Corridor,480.7925711
Downsview-roding-cfb,563.3294397
Alderwood,658.4702069
Moss Park,1021.602934
Mount Pleasant West,890.408605
Henry Farm,541.0662803
Willowridge-martingrove-richview,350.2111863
Parkwoods-donalda,421.4149913
The Beaches,657.1490032
Bay Street Corridor,866.7590831
Leaside,813.9576626
Victoria Village,570.0980667
Stonegate-queensway,881.118573
Hillcrest Village,407.3289316
Waterfront Communities-The Island,490.6316508
Willowdale West,342.5357921
Kennedy Park,490.3338164
Annex,720.2297611
Dovercourt-wallace Emerson-junction,556.5508813
Scarborough Village,892.6032866
Parkwoods-donalda,818.3971627
Downsview-roding-cfb,764.8185737
Mimico,380.8394496
Pleasant View,897.9340981
Banbury-don Mills,827.379296
Kingsview Village-the Westway,515.8849091
Waterfront Communities-The Island,648.2314527
Dovercourt-wallace Emerson-junction,740.0409141
Weston,480.2104167
Waterfront Communities-The Island,793.0625747
Edenbridge-humber Valley,801.7535698
Waterfront Communities-The Island,294.9976063
South Riverdale,1043.26535
Clairlea-birchmount,717.237184
Birchcliffe-cliffside,508.9967082
Mimico,675.8599123
Mount Pleasant West,286.3109559
High Park-swansea,625.1197033
West Humber-clairville,233.0749278
Waterfront Communities-The Island,735.4373922
Hillcrest Village,1041.283982
Ionview,729.5774145
Rosedale-moore Park,563.8167287
Mimico,835.1488795
Waterfront Communities-The Island,423.732818
Waterfront Communities-The Island,795.1247227
Church-yonge Corridor,361.0383132
Little Portugal,537.139141
Bathurst Manor,708.0498186
Waterfront Communities-The Island,376.255207
Roncesvalles,957.3639197
Mimico,671.5597408
Waterfront Communities-The Island,610.1438526
Tam O'shanter-sullivan,747.431637
Waterfront Communities-The Island,765.102921
Westminster-branson,497.9574161
Clairlea-birchmount,804.5435303
University,874.7486592
Bay Street Corridor,269.2004574
Mimico,936.170115
Waterfront Communities-The Island,830.8113781
Bay Street Corridor,917.0708861
L'amoreaux,813.1971703
Rockcliffe-smythe,1047.102484
Mimico,524.1403516
Junction Area,747.9080888
Woburn,845.1105954
Church-yonge Corridor,779.7807609
Lambton Baby Point,654.2966421
Weston,668.5434297
Clairlea-birchmount,911.5524226
Bay Street Corridor,853.2349308
Bay Street Corridor,520.8461003
Waterfront Communities-The Island,489.2550584
Long Branch,819.3911041
Rockcliffe-smythe,419.9684547
Long Branch,753.0327902
Mount Pleasant West,809.1770238
Agincourt North,706.030713
Willowdale East,323.9254632
Henry Farm,694.7824102
Bay Street Corridor,944.4280347
Rosedale-moore Park,777.6497788
Church-yonge Corridor,411.9575351
Church-yonge Corridor,488.6682855
Newtonbrook East,686.1313313
Markland Wood,848.7971298
Agincourt North,925.7867842
Etobicoke West Mall,484.171271
Waterfront Communities-The Island,798.9022872
Kensington-chinatown,768.3018589
East End-danforth,940.1985689
Humber Heights,411.61307
Roncesvalles,734.2207904
Kingsview Village-the Westway,882.2529789
Waterfront Communities-The Island,725.9371931
Islington-city Centre West,420.5794578
Forest Hill South,456.1584874
Waterfront Communities-The Island,453.2483386
Waterfront Communities-The Island,638.4349124
Bay Street Corridor,799.5768176
Islington-city Centre West,733.847537
Rosedale-moore Park,722.3972606
Islington-city Centre West,581.7760383
Roncesvalles,715.6957605
Niagara,532.9263002
Willowdale West,739.4829777
Steeles,648.0151343
Roncesvalles,681.6046042
Milliken,801.3999474
Cabbagetown-south St. James Town,648.8991711
Moss Park,519.3224878
Niagara,897.7897798
Niagara,1000.05707
Dufferin Grove,739.8367757
Mount Pleasant West,380.2477386
West Hill,477.2444321
Islington-city Centre West,595.452895
Willowdale East,348.6387577
Church-yonge Corridor,908.4053157
Glenfield-jane Heights,443.3544176
Rosedale-moore Park,770.9467014
Church-yonge Corridor,689.5919387
Mount Olive-silverstone-jamestown,992.875764
Bay Street Corridor,961.1479791
Henry Farm,545.7592131
Regent Park,524.109855
Bay Street Corridor,397.3965364
L'amoreaux,679.8060786
L'amoreaux,683.1627346
Willowdale East,1047.450701
High Park-swansea,930.9141957
Rosedale-moore Park,458.4367558
Waterfront Communities-The Island,636.7675661
Bay Street Corridor,559.9615876
Regent Park,399.2823481
Edenbridge-humber Valley,716.3712214
Lawrence Park North,318.3719142
Agincourt North,500.0796132
High Park-swansea,440.8538629
Roncesvalles,964.6302567
Parkwoods-donalda,700.5766595
Niagara,742.4094734
Kensington-chinatown,613.3734492
Cabbagetown-south St. James Town,625.0429886
Westminster-branson,640.4183519
Willowdale East,648.327114
Islington-city Centre West,417.2855625
Willowdale East,631.5616331
Eglinton East,938.011808
Bedford Park-nortown,819.8099735
Islington-city Centre West,742.3114216
Newtonbrook East,724.0198966
Moss Park,578.0850807
High Park North,670.5576595
Forest Hill South,507.2030771
Bayview Village,649.3590756
Niagara,517.5196983
Humber Heights,977.5899961
Waterfront Communities-The Island,597.5382338
Forest Hill North,861.2474779
Mount Pleasant East,1019.918662
Downsview-roding-cfb,776.2909156
Waterfront Communities-The Island,829.4965358
Willowdale East,360.0657726
Newtonbrook East,741.8548724
Kensington-chinatown,491.025067
Banbury-don Mills,727.8414267
Lawrence Park South,522.8097833
Lawrence Park South,809.9753635
Birchcliffe-cliffside,364.603334
Eringate-centennial-west Deane,632.9680806
Yonge-eglinton,587.4953854
Mimico,676.9226826
Black Creek,622.3932727
Regent Park,717.7789851
L'amoreaux,493.3792613
Mount Olive-silverstone-jamestown,354.3544785
Waterfront Communities-The Island,666.178907
Niagara,670.4437376
Don Valley Village,405.3080814
Waterfront Communities-The Island,840.0699172
Don Valley Village,1038.81242
Ionview,965.7308109
Don Valley Village,798.0107064
Waterfront Communities-The Island,341.98686
Guildwood,653.9558421
Waterfront Communities-The Island,666.7775286
Waterfront Communities-The Island,883.4693617
Cabbagetown-south St. James Town,598.5149117
Dovercourt-wallace Emerson-junction,643.9452965
Junction Area,576.3067521
Kingsview Village-the Westway,909.5853314
Dufferin Grove,995.7524385
Bayview Village,785.6208381
The Beaches,601.463044
Islington-city Centre West,439.5685526
Islington-city Centre West,1087.822117
Lawrence Park South,665.317883
Weston-pellam Park,825.9740741
Tam O'shanter-sullivan,669.696978
High Park North,814.2315741
Waterfront Communities-The Island,677.7462502
Waterfront Communities-The Island,442.8373247
Tam O'shanter-sullivan,761.1639989
Mount Pleasant West,539.6170805
Moss Park,501.9009576
Niagara,710.1307191
Annex,407.8092836
Mount Pleasant East,306.7834428
Waterfront Communities-The Island,388.3108965
Clairlea-birchmount,380.6633446
Mount Dennis,897.4212468
Agincourt North,448.5886147
Niagara,782.1090467
Westminster-branson,482.5640617
Woburn,875.5602544
Woodbine-lumsden,772.803522
Banbury-don Mills,464.8332969
Waterfront Communities-The Island,697.447458
Bay Street Corridor,786.9286856
Greenwood-coxwell,402.1714666
Briar Hill-belgravia,646.5432275
Niagara,820.3177492
The Beaches,426.5956398
Waterfront Communities-The Island,765.7845941
Niagara,563.0299834
Waterfront Communities-The Island,686.8752501
Agincourt North,656.9062527
Willowdale East,502.1115956
Waterfront Communities-The Island,291.6914127
Waterfront Communities-The Island,437.7536258
Henry Farm,612.4302853
Willowdale East,388.3934311
Willowdale East,821.6518823
Downsview-roding-cfb,688.9521518
Maple Leaf,536.893527
Islington-city Centre West,561.446786
Church-yonge Corridor,660.1731456
Scarborough Village,641.7234286
Kennedy Park,652.9399882
Tam O'shanter-sullivan,602.3349355
Woburn,468.6307131
Steeles,400.3200755
Rouge,653.8109107
Little Portugal,972.3705056
Waterfront Communities-The Island,446.6539879
Stonegate-queensway,779.5724084
Scarborough Village,597.7451568
Cabbagetown-south St. James Town,1113.964901
Annex,751.4848533
Birchcliffe-cliffside,311.173623
Niagara,691.5936647
Church-yonge Corridor,594.8843899
Bayview Village,504.9124917
Niagara,817.6329555
Waterfront Communities-The Island,819.5177251
Lawrence Park North,644.6072552
Mimico,652.494316
Malvern,779.2944383
High Park North,599.2941388
Kingsview Village-the Westway,928.4479751
Bridle Path-sunnybrook-york Mills,767.5113587
Islington-city Centre West,799.5915183
Waterfront Communities-The Island,978.3056489
Bayview Village,1033.066545
Mimico,612.9779509
Islington-city Centre West,849.2537118
Annex,803.9842769
Mount Pleasant West,675.7519594
Flemingdon Park,828.6276022
Willowdale East,993.0194238
Waterfront Communities-The Island,815.7486236
Niagara,985.0014457
Bay Street Corridor,224.6455021
Willowdale East,648.2922344
Mimico,522.3687468
Willowdale East,579.0808263
Guildwood,725.0583871
Humbermede,756.7106924
Church-yonge Corridor,304.5727426
Rosedale-moore Park,308.3420653
Rouge,689.7056477
Bendale,527.3843684
Niagara,375.6281674
Mount Pleasant West,870.1236366
West Hill,638.4254393
L'amoreaux,1061.237616
Bay Street Corridor,573.4551525
Bay Street Corridor,719.0621323
Junction Area,950.7832418
Woburn,557.3413635
Moss Park,341.3080137
Kingsview Village-the Westway,808.9583328
Kensington-chinatown,692.0547859
Willowdale East,568.0493315
Lansing-westgate,713.6192134
Long Branch,714.034667
Eringate-centennial-west Deane,660.4341498
L'amoreaux,691.2252179
Church-yonge Corridor,829.7617909
Banbury-don Mills,716.2414909
South Riverdale,648.8442674
Pleasant View,444.2277757
Rockcliffe-smythe,917.2723689
Dovercourt-wallace Emerson-junction,916.2102016
Henry Farm,1029.1242
Mimico,1072.912108
Rockcliffe-smythe,561.6630292
Playter Estates-danforth,730.0045907
Parkwoods-donalda,698.7261611
Stonegate-queensway,345.1369024
Willowdale East,615.9593161
Flemingdon Park,995.8093967
Niagara,849.7556573
Banbury-don Mills,876.2676868
Waterfront Communities-The Island,634.8035218
Bayview Village,924.7111786
Kingsway South,547.8205227
Lambton Baby Point,327.1065161
Regent Park,422.3142181
Waterfront Communities-The Island,890.882305
Malvern,369.7450637
Corso Italia-davenport,449.82401
Stonegate-queensway,487.1454397
Bayview Village,861.6325915
Willowdale East,641.5984733
Woburn,960.6204565
York University Heights,552.9542215
Long Branch,387.5388361
Willowdale East,493.172282
Dorset Park,704.1303387
Dufferin Grove,544.0396246
Bayview Village,774.3731919
Clanton Park,629.1759539
L'amoreaux,766.8343863
Willowdale West,866.5817664
Lansing-westgate,1037.876517
Mimico,888.7537725
Niagara,868.5454768
Waterfront Communities-The Island,449.7185782
L'amoreaux,478.5299343
Yorkdale-glen Park,495.8899141
L'amoreaux,999.64917
Stonegate-queensway,558.2614489
Long Branch,563.3478212
Leaside,662.1010151
Scarborough Village,724.5495675
Niagara,469.8310565
Waterfront Communities-The Island,664.6393711
Downsview-roding-cfb,836.1420362
Briar Hill-belgravia,1034.384553
Lawrence Park South,750.5697898
Banbury-don Mills,398.625165
Long Branch,812.5712587
Niagara,767.5067438
Banbury-don Mills,618.5449847
Flemingdon Park,443.5548686
Downsview-roding-cfb,642.6646319
L'amoreaux,739.8941765
Church-yonge Corridor,472.6861647
Kingsview Village-the Westway,690.7719113
Niagara,695.8843047
Islington-city Centre West,956.7761035
Yorkdale-glen Park,999.5436519
Malvern,518.6282381
Church-yonge Corridor,908.3340146
Lawrence Park South,686.6596979
Niagara,608.4635406
Waterfront Communities-The Island,535.1831664
Malvern,634.0368032
Woburn,363.4187198
Malvern,404.6914958
Mimico,481.1614204
Brookhaven-amesbury,590.6112898
Kensington-chinatown,521.5355236
Bay Street Corridor,717.4273855
Willowdale East,775.5647069
Downsview-roding-cfb,747.9029225
Willowdale East,994.010452
Mimico,769.1843712
York University Heights,1011.272332
Bay Street Corridor,778.5793395
Hillcrest Village,647.4410046
Banbury-don Mills,598.2692655
Henry Farm,283.3180448
Waterfront Communities-The Island,809.3570351
Willowdale East,495.3474961
Waterfront Communities-The Island,782.0407981
Niagara,730.3600167
Little Portugal,1074.973093
The Beaches,894.453956
Thorncliffe Park,368.3976161
Yonge-eglinton,619.2597796
Islington-city Centre West,490.8806835
Waterfront Communities-The Island,632.3853834
Bay Street Corridor,433.7930746
Clairlea-birchmount,550.5648571
Long Branch,377.6021345
Woburn,798.3110972
Willowridge-martingrove-richview,754.7143872
Mimico,599.5001131
Etobicoke West Mall,814.6862152
Church-yonge Corridor,836.2696432
Church-yonge Corridor,444.3468435
Mimico,809.0488047
Alderwood,760.7408512
Markland Wood,623.6108985
Lawrence Park South,485.9972649
Mount Pleasant West,624.2471742
Waterfront Communities-The Island,282.5559688
Humbermede,634.9684286
Malvern,717.6510416
Tam O'shanter-sullivan,481.1997832
Wexford-maryvale,235.7593084
Rockcliffe-smythe,505.1211077
Lawrence Park North,474.4260149
Dorset Park,603.4151345
Woburn,612.6655825
Islington-city Centre West,850.6583614
Flemingdon Park,823.2787925
Bendale,946.2762491
Moss Park,731.007449
Willowdale East,462.3340325
Banbury-don Mills,535.8160728
Willowdale West,538.7847271
Palmerston-little Italy,452.1516085
Niagara,784.8612717
Lawrence Park North,543.1262863
Bridle Path-sunnybrook-york Mills,661.4129207
Moss Park,290.4459167
Willowdale East,411.4526281
Glenfield-jane Heights,854.2463375
Islington-city Centre West,618.4184118
Bayview Village,872.876239
Mount Pleasant West,598.0392643
Church-yonge Corridor,838.1311093
Weston,583.0584943
Islington-city Centre West,327.3325031
Lansing-westgate,802.9431792
Dorset Park,751.0715765
Cliffcrest,665.0401206
Dufferin Grove,380.4891531
Rockcliffe-smythe,484.3811847
Church-yonge Corridor,698.0951414
Niagara,319.9967596
Rosedale-moore Park,626.1146694
Newtonbrook East,346.7527321
Eglinton East,934.5904662
Mimico,986.9842886
Scarborough Village,614.0553883
Niagara,890.7415522
Markland Wood,456.7776182
Ionview,664.1835491
Waterfront Communities-The Island,700.722366
Hillcrest Village,443.0931416
Dufferin Grove,360.6170122
High Park-swansea,796.3393038
Danforth Village-east York,486.7423767
Banbury-don Mills,529.3471202
Yonge-eglinton,943.7353841
Greenwood-coxwell,729.8377546
Niagara,728.8030034
Islington-city Centre West,538.0859972
Rosedale-moore Park,796.803283
Little Portugal,382.5857484
Mimico,551.3954955
Waterfront Communities-The Island,372.8324512
Mimico,563.3241935
Dovercourt-wallace Emerson-junction,573.5489441
Mount Pleasant West,388.350046
Willowdale East,620.1365695
Don Valley Village,947.4533519
Malvern,884.9909506
Dovercourt-wallace Emerson-junction,818.6012719
Moss Park,438.8143633
Eglinton East,983.4488669
Bay Street Corridor,913.9958058
Willowdale East,770.4732705
Bedford Park-nortown,416.3807944
Church-yonge Corridor,702.7004995
Henry Farm,606.0547026
Mimico,619.558947
O'connor-parkview,360.1097693
Niagara,391.7563982
High Park-swansea,713.805895
Malvern,716.6681153
Mimico,866.1895656
Yorkdale-glen Park,363.8882012
Wexford-maryvale,1002.630081
Runnymede-bloor West Village,539.8557661
Rosedale-moore Park,704.9381485
Little Portugal,488.7639758
Edenbridge-humber Valley,624.1741097
Don Valley Village,586.1523716
Moss Park,655.2082499
Dovercourt-wallace Emerson-junction,379.8665552
Malvern,671.2765257
Bayview Village,938.2988842
Flemingdon Park,745.2237609
Eglinton East,455.7655172
Westminster-branson,735.2514357
Church-yonge Corridor,488.9528577
Waterfront Communities-The Island,602.2138207
Islington-city Centre West,1048.179115
West Humber-clairville,741.3941844
Steeles,581.6376488
Agincourt North,517.4280334
Annex,915.0401005
Moss Park,612.1591491
Annex,596.91781
Brookhaven-amesbury,731.0230295
Clanton Park,696.2626209
Henry Farm,898.304923
Kingsview Village-the Westway,572.4479275
L'amoreaux,596.2127222
Tam O'shanter-sullivan,551.3655789
Agincourt South-malvern West,429.9565436
Willowdale East,620.6863292
Woburn,699.5479599
Waterfront Communities-The Island,786.362424
Niagara,628.2331835
Rouge,617.0441136
Black Creek,822.6761596
Niagara,727.6042202
Moss Park,651.1909664
Annex,788.2934665
Mimico,754.1186829
York University Heights,457.0170303
Yonge-eglinton,662.4920171
Church-yonge Corridor,508.0787654
The Beaches,400.0817591
Waterfront Communities-The Island,617.7351483
Flemingdon Park,683.6948679
High Park North,991.9910587
Clairlea-birchmount,722.677604
Woodbine Corridor,705.2667392
Maple Leaf,731.7190066
Mount Pleasant West,937.5228407
Mount Pleasant West,782.6118862
South Riverdale,591.2388205
High Park North,854.9969544
Rosedale-moore Park,866.0609877
Bayview Village,305.1826894
Banbury-don Mills,531.5197804
Willowdale East,550.9379342
Runnymede-bloor West Village,339.9559007
Forest Hill South,718.0033503
Niagara,869.5182964
L'amoreaux,460.9839799
Clairlea-birchmount,383.8277622
Annex,560.9504579
South Riverdale,579.4166004
Clanton Park,982.6922047
Edenbridge-humber Valley,411.3816617
Little Portugal,971.9045042
Stonegate-queensway,626.5371871
Cliffcrest,871.6932672
Briar Hill-belgravia,848.396659
Bay Street Corridor,803.2796116
Etobicoke West Mall,664.5067493
Lansing-westgate,662.7922953
Elms-old Rexdale,751.9482305
Church-yonge Corridor,954.174122
Kingsview Village-the Westway,418.9828264
Flemingdon Park,960.8664928
South Riverdale,829.1610835
Bridle Path-sunnybrook-york Mills,981.0620763
Victoria Village,612.0996721
Wychwood,560.1160661
Mount Dennis,731.8210492
Mount Pleasant West,737.2476102
Lawrence Park North,517.8230671
Bay Street Corridor,775.4618555
Islington-city Centre West,846.1536346
Hillcrest Village,683.4378955
South Riverdale,807.929924
Dorset Park,838.0517447
Waterfront Communities-The Island,518.7385849
Willowdale East,480.9121268
Lawrence Park North,684.9728362
Mount Pleasant East,869.8222074
Kingsview Village-the Westway,911.6295449
Mount Pleasant East,699.1075941
Etobicoke West Mall,278.8578568
The Beaches,1018.943726
Bayview Village,707.4482949
Mount Olive-silverstone-jamestown,233.4198629
Dorset Park,495.0338575
Mimico,792.7007242
Rockcliffe-smythe,805.6562512
High Park-swansea,513.7682667
Banbury-don Mills,299.6822778
Greenwood-coxwell,887.3572169
Niagara,535.5702766
Waterfront Communities-The Island,731.8827617
Waterfront Communities-The Island,687.6512145
Mimico,754.8022816
Leaside,806.6877868
Waterfront Communities-The Island,970.7142871
Moss Park,956.0056763
Henry Farm,520.5636149
Dovercourt-wallace Emerson-junction,330.8297117
The Beaches,985.5127273
Dufferin Grove,834.0738311
Palmerston-little Italy,640.098321
The Beaches,841.6000034
Lawrence Park North,974.8982605
Lawrence Park South,538.6932207
Regent Park,830.0901003
Banbury-don Mills,539.0600951
Rosedale-moore Park,497.8956932
L'amoreaux,764.7857837
Kingsview Village-the Westway,993.2878215
Willowdale East,611.1597939
Woburn,729.9102259
Flemingdon Park,414.8808928
Mount Pleasant West,484.10108
Mimico,590.7521882
Downsview-roding-cfb,414.7978161
Waterfront Communities-The Island,429.4640208
Niagara,753.3317627
Regent Park,558.9325855
Church-yonge Corridor,746.5140252
Dovercourt-wallace Emerson-junction,500.774402
Mimico,1048.511158
Waterfront Communities-The Island,715.1685005
Waterfront Communities-The Island,563.1853901
Moss Park,702.5690264
Eringate-centennial-west Deane,600.9073218
Waterfront Communities-The Island,315.8439422
Mimico,330.1902073
Englemount-lawrence,335.901076
Bay Street Corridor,666.2077516
Danforth Village-east York,420.2964252
Dovercourt-wallace Emerson-junction,996.8363764
Bay Street Corridor,443.8022438
Keelesdale-eglinton West,500.8948982
Church-yonge Corridor,246.2793479
Willowdale East,534.8450268
Birchcliffe-cliffside,893.605436
Waterfront Communities-The Island,812.2600101
Englemount-lawrence,301.7261434
Malvern,568.2985436
Don Valley Village,556.2693821
Mimico,854.5780839
Black Creek,819.9014111
Stonegate-queensway,918.1210367
Don Valley Village,530.599953
Humber Summit,454.4538629
Eringate-centennial-west Deane,503.5227318
Bayview Village,523.0445594
Downsview-roding-cfb,695.2272296
Woburn,755.9115926
Willowdale East,584.5869475
Waterfront Communities-The Island,368.3989387
Malvern,449.3451707
Clairlea-birchmount,492.0300449
Regent Park,506.5265956
Hillcrest Village,896.8328868
Islington-city Centre West,794.3750616
Newtonbrook West,367.4568738
Church-yonge Corridor,756.7767634
Eglinton East,717.8599832
Woburn,711.7020492
Downsview-roding-cfb,714.2487671
Banbury-don Mills,827.0269206
Bay Street Corridor,952.8180251
Banbury-don Mills,573.0700898
Willowdale East,515.492417
Newtonbrook West,466.6510654
Parkwoods-donalda,539.550762
Niagara,319.7044454
Waterfront Communities-The Island,447.7880102
Willowdale East,813.4084909
Waterfront Communities-The Island,676.6224038
Waterfront Communities-The Island,996.0820512
Rexdale-kipling,651.5887252
Waterfront Communities-The Island,815.7658548
Woburn,827.8005665
Waterfront Communities-The Island,502.588138
Mimico,941.733091
Newtonbrook East,774.6328255
Kennedy Park,856.67629
Waterfront Communities-The Island,788.3089726
Mimico,370.9558849
Milliken,683.4201611
Willowdale East,1013.63327
Malvern,642.3838709
Rustic,892.9692616
University,567.8277835
Islington-city Centre West,990.2795168
Parkwoods-donalda,907.9391693
Waterfront Communities-The Island,526.3399793
Waterfront Communities-The Island,539.8902202
Willowdale East,732.0057699
Broadview North,562.6332343
Regent Park,759.5938947
Waterfront Communities-The Island,609.7341862
Niagara,679.9213123
The Beaches,608.7694476
Little Portugal,723.8529769
Morningside,904.3059274
Bay Street Corridor,772.6425359
Woburn,482.7868859
Birchcliffe-cliffside,739.5169716
Cabbagetown-south St. James Town,940.6322162
Willowdale West,464.3060323
Mimico,955.9849527
Bedford Park-nortown,729.0087177
York University Heights,669.7648992
Waterfront Communities-The Island,903.4420978
Mimico,481.799147
Willowdale East,611.8054979
Rosedale-moore Park,633.4760367
Regent Park,727.0365709
West Hill,685.0818548
The Beaches,747.7485111
Little Portugal,401.3704643
Henry Farm,653.3649058
Cabbagetown-south St. James Town,499.5744972
Tam O'shanter-sullivan,899.7013679
Waterfront Communities-The Island,1067.742838
Henry Farm,386.5887317
Flemingdon Park,379.497681
Mimico,611.9497959
Forest Hill South,813.3655895
Etobicoke West Mall,847.4543335
Little Portugal,772.9282535
Niagara,809.9548392
Bayview Village,528.5424455
High Park North,839.5941433
East End-danforth,699.3396641
Lawrence Park South,492.759529
Little Portugal,275.6385827
Mount Pleasant West,475.5047887
Rosedale-moore Park,710.161109
Mimico,1034.301837
Clairlea-birchmount,877.5577103
Waterfront Communities-The Island,561.1523593
Malvern,667.4287529
Annex,495.1923416
Little Portugal,532.0404444
Kensington-chinatown,590.9861124
Bay Street Corridor,940.3574661
Annex,505.5738725
Church-yonge Corridor,795.0426576
South Riverdale,583.7137317
Niagara,587.6894212
Niagara,767.5068421
Princess-rosethorn,599.5886191
Church-yonge Corridor,725.5079268
Junction Area,615.9359942
Lawrence Park North,1069.559697
Mimico,851.5643462
Banbury-don Mills,484.0184724
Bathurst Manor,1015.955447
Clanton Park,536.7674381
Clanton Park,649.7319537
Forest Hill North,637.2389003
Mount Pleasant East,833.2811389
Church-yonge Corridor,982.9268672
Kennedy Park,512.5907229
Mimico,646.9157848
Mount Pleasant West,844.6324422
Guildwood,778.7630896
Waterfront Communities-The Island,381.0500674
Mimico,696.0006912
Dorset Park,819.3143156
Waterfront Communities-The Island,539.3920333
Niagara,754.3398111
High Park North,553.4291886
Bay Street Corridor,400.3874887
Church-yonge Corridor,542.9909873
Dorset Park,498.7093684
Centennial Scarborough,773.2699797
Moss Park,881.3020137
Don Valley Village,831.3789092
Niagara,773.9543008
Rouge,737.1577813
O'connor-parkview,338.2175723
Willowdale East,731.9977939
Forest Hill South,694.7311317
Islington-city Centre West,722.4655097
Bayview Village,928.2204297
West Humber-clairville,814.6831266
Malvern,717.7468106
Bay Street Corridor,590.5267745
Church-yonge Corridor,711.7848278
Woburn,1000.329019
Englemount-lawrence,745.6505848
Mount Olive-silverstone-jamestown,440.2988087
Agincourt North,845.3840454
Don Valley Village,796.6338185
Yorkdale-glen Park,500.8177292
West Humber-clairville,238.9677005
Milliken,852.3307843
Waterfront Communities-The Island,616.8975407
Stonegate-queensway,689.8658759
York University Heights,438.8013362
Yonge-eglinton,814.6531672
Waterfront Communities-The Island,648.3745969
Willowdale East,798.7554099
Willowdale East,854.8481755
Kingsway South,685.1920091
Mimico,553.2382987
Clairlea-birchmount,576.9935618
Bayview Woods-steeles,757.2322679
Bay Street Corridor,632.4531672
Mount Dennis,425.7808026
Niagara,509.7639063
Mount Olive-silverstone-jamestown,335.745105
Moss Park,474.34877
Waterfront Communities-The Island,689.6357931
Mimico,425.9830917
Downsview-roding-cfb,391.2443289
Moss Park,344.5179651
High Park-swansea,604.7387419
South Parkdale,652.4166188
Willowdale West,764.3033222
Highland Creek,727.0494934
Downsview-roding-cfb,637.8280868
Agincourt North,412.7092737
Bayview Village,819.697516
Cabbagetown-south St. James Town,550.1511822
High Park-swansea,576.5463759
Bedford Park-nortown,811.5042411
Malvern,884.5865056
Agincourt North,538.549809
Bayview Village,470.4419635
Bayview Village,554.4266254
Islington-city Centre West,723.4820876
Alderwood,638.3331191
Willowdale East,801.2634751
Niagara,693.6603933
The Beaches,897.4096942
Malvern,811.9996282
Regent Park,1049.736095
Waterfront Communities-The Island,623.5667179
Willowdale West,557.5828768
Bayview Village,766.8980364
Dorset Park,531.1363192
Pleasant View,946.1394056
Bay Street Corridor,598.3658562
Niagara,811.8140573
Willowdale East,854.1928145
Woodbine-lumsden,643.6602609
Mount Pleasant West,493.508323
Willowdale East,885.0774052
Willowdale East,607.0706778
Waterfront Communities-The Island,596.2128948
Leaside,439.673096
Bedford Park-nortown,937.4691503
Kensington-chinatown,478.7098096
Willowdale East,734.2851182
Regent Park,439.0840108
Bay Street Corridor,898.0347572
Woburn,775.9146465
Markland Wood,752.7402571
Little Portugal,534.5054202
South Riverdale,451.4858384
Willowdale East,396.7730313
Bay Street Corridor,700.3457286
Princess-rosethorn,670.0403592
Waterfront Communities-The Island,495.0025702
Bay Street Corridor,474.9944934
Church-yonge Corridor,637.7828292
Kennedy Park,793.542524
Bridle Path-sunnybrook-york Mills,678.4211162
Yonge-eglinton,673.1492342
Willowdale East,757.2314852
Lawrence Park North,600.3078314
Rouge,696.9348696
Islington-city Centre West,913.4849209
Bayview Village,253.2013746
L'amoreaux,756.5059464
West Hill,943.4757146
Dorset Park,811.6436455
Willowdale East,1048.654498
Church-yonge Corridor,701.0909993
Humber Heights,718.4348931
Morningside,897.8723737
Waterfront Communities-The Island,560.9375214
Waterfront Communities-The Island,636.9714362
York University Heights,442.4830374
Stonegate-queensway,581.29228
Beechborough-greenbrook,731.5740747
Annex,658.181473
Henry Farm,611.7208408
Newtonbrook West,518.986027
Mimico,415.6655883
Willowdale West,628.2269218
Bedford Park-nortown,469.5476695
Henry Farm,433.7174766
Tam O'shanter-sullivan,816.9845977
Kensington-chinatown,533.7347007
Cabbagetown-south St. James Town,459.4517498
Brookhaven-amesbury,347.1199186
Dufferin Grove,635.2220722
Church-yonge Corridor,496.7004708
Willowdale East,419.6299563
Willowdale East,369.497663
Islington-city Centre West,645.3756022
Roncesvalles,318.3593332
Clanton Park,881.4596981
Niagara,835.0773802
Waterfront Communities-The Island,609.9717385
Mimico,593.7452414
Glenfield-jane Heights,809.7314108
South Parkdale,626.4178735
Newtonbrook West,847.1037412
Newtonbrook East,936.7852978
Hillcrest Village,332.8063659
Waterfront Communities-The Island,1023.032925
Lambton Baby Point,481.1523948
Annex,302.063321
Mimico,863.5935421
Steeles,824.3180839
Mount Dennis,506.1707229
Rosedale-moore Park,534.6948083
Waterfront Communities-The Island,470.1154635
Mimico,789.7424918
Corso Italia-davenport,504.6775623
Markland Wood,599.4026468
Scarborough Village,568.791459
Stonegate-queensway,785.8533049
Markland Wood,567.5153918
Bedford Park-nortown,955.5698156
Birchcliffe-cliffside,679.1386326
Bay Street Corridor,354.5150956
Niagara,799.2161888
Tam O'shanter-sullivan,802.8819718
Mimico,553.2500659
Mount Pleasant East,711.9872312
Agincourt South-malvern West,331.0775131
Rosedale-moore Park,693.5599277
Malvern,825.6400429
South Riverdale,827.1984978
Don Valley Village,623.8802574
Mount Pleasant East,728.2691855
Humber Heights,701.0183564
Mount Olive-silverstone-jamestown,720.409914
Niagara,621.6515291
Downsview-roding-cfb,332.5298352
Dufferin Grove,574.5672926
Church-yonge Corridor,631.0830046
Edenbridge-humber Valley,622.0389788
Corso Italia-davenport,404.4248392
Markland Wood,775.9555815
Bay Street Corridor,800.2415618
Weston,594.3771157
Wychwood,812.4656728
High Park-swansea,360.0530348
Niagara,357.3482797
Bayview Village,734.6701468
Willowdale East,695.8661558
Bayview Village,968.9110711
Bendale,546.4564508
Lansing-westgate,761.5710176
Niagara,452.8186012
Bathurst Manor,296.0247563
Rockcliffe-smythe,425.2683815
Weston,700.0014106
Newtonbrook West,694.1660849
Scarborough Village,541.1100899
Weston,842.6160844
Niagara,561.9379776
University,755.4815529
Newtonbrook West,720.6170092
Woodbine Corridor,552.887097
Waterfront Communities-The Island,356.3531854
Glenfield-jane Heights,480.353694
Bay Street Corridor,925.9005465
Guildwood,547.1131296
Bayview Village,652.8425354
Niagara,565.9575034
Cabbagetown-south St. James Town,531.8290964
Humber Heights,388.9225912
Bedford Park-nortown,645.0035078
Mount Pleasant West,902.4190137
Newtonbrook West,602.3700905
Waterfront Communities-The Island,562.9795225
Malvern,866.0450757
Church-yonge Corridor,684.232885
Woburn,343.8796994
South Riverdale,579.3846977
Waterfront Communities-The Island,617.3989022
Clanton Park,851.5864301
Moss Park,425.1633665
Annex,466.6613682
Niagara,810.4451594
Parkwoods-donalda,411.3760535
Mount Pleasant East,674.2461903
Lansing-westgate,571.6520653
Niagara,336.6646369
Niagara,635.4759718
Forest Hill South,959.378662
Moss Park,447.2187809
East End-danforth,790.2872382
Runnymede-bloor West Village,465.2223209
Mount Pleasant West,317.3810063
Waterfront Communities-The Island,289.9206643
Niagara,673.0751081
Caledonia-fairbank,575.4051367
Yorkdale-glen Park,1023.304564
Mount Pleasant West,513.0851145
South Riverdale,706.8212067
Roncesvalles,392.2589083
Niagara,650.5719202
Newtonbrook West,437.5979354
Niagara,703.0513386
Casa Loma,623.4555304
Islington-city Centre West,264.7207014
Willowdale West,309.5174712
Yorkdale-glen Park,622.3779083
High Park-swansea,664.0075374
Church-yonge Corridor,737.8086728
Waterfront Communities-The Island,494.3480671
Bayview Village,848.5796162
Willowridge-martingrove-richview,546.3497662
Bathurst Manor,420.7365499
Bayview Village,664.400858
Tam O'shanter-sullivan,387.4016528
Flemingdon Park,550.4887046
Church-yonge Corridor,647.1847484
Wexford-maryvale,645.6490494
Mount Pleasant West,837.7419986
Church-yonge Corridor,447.257944
Willowdale East,417.0072979
Mount Pleasant West,1043.472591
Rosedale-moore Park,975.6066094
Mimico,742.3723913
Niagara,533.0595658
Flemingdon Park,772.2941947
Woburn,287.4922872
Malvern,538.7096955
Waterfront Communities-The Island,504.8406685
Bridle Path-sunnybrook-york Mills,721.5435077
Elms-old Rexdale,949.7323016
Agincourt South-malvern West,692.0455149
Niagara,567.2856969
Bayview Village,490.6107794
Mimico,713.2465117
Newtonbrook West,600.9047236
Mount Olive-silverstone-jamestown,592.5441947
Little Portugal,1013.628327
Lansing-westgate,937.8754075
Etobicoke West Mall,608.7994869
Parkwoods-donalda,753.307213
Waterfront Communities-The Island,779.0267878
Malvern,869.2973832
Milliken,322.6410387
Bathurst Manor,632.2344774
Bay Street Corridor,543.5619611
Niagara,510.6223637
Humbermede,359.483156
Humber Summit,751.2745956
Church-yonge Corridor,588.1021015
Dovercourt-wallace Emerson-junction,655.3580076
Banbury-don Mills,803.4319384
Lawrence Park North,690.6693204
Don Valley Village,653.879721
Annex,385.0191618
Weston,623.229223
Mimico,839.8226513
Newtonbrook West,579.0355569
Waterfront Communities-The Island,715.9373302
Edenbridge-humber Valley,315.967934
Henry Farm,673.4239867
Banbury-don Mills,650.4240458
Rouge,485.4155989
Lawrence Park South,287.8217138
Yonge-eglinton,440.7758565
Bedford Park-nortown,622.2402498
Niagara,660.7896511
Wychwood,732.6110194
Weston-pellam Park,577.5431633
Humewood-cedarvale,698.7766587
Yonge-eglinton,642.2293568
Roncesvalles,864.6131793
Islington-city Centre West,837.7217604
York University Heights,737.6892078
East End-danforth,256.2762626
Bay Street Corridor,469.1739195
South Riverdale,519.1941408
Islington-city Centre West,451.6763447
Yorkdale-glen Park,981.7582332
Mimico,291.1684465
Agincourt South-malvern West,838.8191947
Willowdale East,986.3312665
West Hill,597.9787068
Mimico,751.0412341
Stonegate-queensway,855.004588
Don Valley Village,787.0698168
Niagara,379.6634657
Church-yonge Corridor,683.3492674
Waterfront Communities-The Island,558.9188977
Waterfront Communities-The Island,976.8727334
Dorset Park,853.0815874
Mount Olive-silverstone-jamestown,830.1361604
Glenfield-jane Heights,620.4629124
Waterfront Communities-The Island,570.1691993
Waterfront Communities-The Island,476.7716951
Don Valley Village,669.8232905
Malvern,645.0191935
Kingsview Village-the Westway,618.4911074
Lawrence Park South,286.4082001
Etobicoke West Mall,616.6913035
Lambton Baby Point,1029.461857
Waterfront Communities-The Island,518.8960974
Annex,583.5442531
Roncesvalles,627.1367329
Moss Park,768.9227602
Bendale,393.5521301
Church-yonge Corridor,715.6018212
Niagara,798.0766718
Waterfront Communities-The Island,1091.779558
Scarborough Village,610.4237526
Roncesvalles,617.397137
Waterfront Communities-The Island,650.1175502
Niagara,759.0903333
Moss Park,459.0044321
Niagara,560.4302141
Leaside,752.1379431
Rosedale-moore Park,692.0943719
South Riverdale,767.602131
Willowdale East,621.8008398
Forest Hill South,955.5555501
Niagara,386.15995
Willowdale East,647.442336
Banbury-don Mills,427.14859
Centennial Scarborough,996.7045257
Casa Loma,627.4129765
Bayview Woods-steeles,464.0187279
L'amoreaux,885.0382509
University,601.6307875
Islington-city Centre West,616.9119363
Mimico,409.3032877
South Riverdale,579.9415063
Long Branch,727.9974121
Newtonbrook West,642.0732149
Roncesvalles,428.7874205
Agincourt North,910.9938218
Stonegate-queensway,482.0014116
Dorset Park,910.0405796
Bay Street Corridor,815.0625462
Mimico,909.0329766
Niagara,692.7436316
Mimico,540.4510934
L'amoreaux,566.8352037
Forest Hill South,549.1421578
Waterfront Communities-The Island,633.0843434
Bayview Village,738.0494693
Kingsview Village-the Westway,493.0360409
Willowdale West,451.4677258
Church-yonge Corridor,537.6089058
Cabbagetown-south St. James Town,837.7536081
Cabbagetown-south St. James Town,240.6816874
West Hill,582.7730968
Runnymede-bloor West Village,838.9334464
Don Valley Village,532.4006336
Tam O'shanter-sullivan,1040.375762
Clanton Park,584.4458124
Bay Street Corridor,851.02338
High Park North,919.6144233
Mimico,330.3983397
Rexdale-kipling,588.5293985
West Hill,305.912954
Kingsview Village-the Westway,638.0442736
Waterfront Communities-The Island,661.1930052
Guildwood,757.4359005
Mount Pleasant West,636.9211118
Mimico,656.9894978
Willowdale West,577.8577253
Bay Street Corridor,300.3126006
Pleasant View,257.2401848
Malvern,437.836683
Highland Creek,501.8029642
South Riverdale,964.2400474
Mimico,428.9192375
High Park North,910.8289711
Mimico,642.1901341
Palmerston-little Italy,596.0662069
Niagara,328.937458
Niagara,471.2418221
Mimico,840.9007035
Willowdale East,770.5151678
Lansing-westgate,381.113614
Humbermede,1012.375728
Mount Olive-silverstone-jamestown,729.6786329
Malvern,692.2131226
Willowdale East,632.8271012
East End-danforth,815.2936287
Willowdale East,811.4840605
Flemingdon Park,303.0157684
Willowdale East,380.8857238
Mount Pleasant West,759.5218997
South Riverdale,542.5245708
Church-yonge Corridor,452.8759046
Waterfront Communities-The Island,353.7310476
High Park-swansea,399.1971343
Dovercourt-wallace Emerson-junction,834.0989227
Mount Pleasant West,275.4723837
High Park-swansea,410.6272888
Cliffcrest,502.5374409
Junction Area,913.7586165
Elms-old Rexdale,509.2388892
Bendale,720.8360407
Mount Olive-silverstone-jamestown,1065.260619
Waterfront Communities-The Island,559.6419766
Weston,1054.197718
Willowdale East,850.3023049
Agincourt North,643.3517705
Bendale,392.2397222
L'amoreaux,1059.155961
Yorkdale-glen Park,683.0584941
Banbury-don Mills,772.8301401
Banbury-don Mills,1020.782866
Willowdale East,663.2724941
Waterfront Communities-The Island,919.1895493
Mimico,980.5613472
Mount Dennis,806.0951396
Mimico,628.4603095
Church-yonge Corridor,882.0256406
Annex,492.615497
L'amoreaux,750.8048139
Bedford Park-nortown,800.4811756
Bay Street Corridor,769.2291955
Mount Olive-silverstone-jamestown,798.4218423
Cliffcrest,847.2955295
West Hill,246.0186461
Roncesvalles,460.5603316
High Park North,547.8944162
Church-yonge Corridor,437.1835545
Niagara,524.6968751
Briar Hill-belgravia,639.4546073
Church-yonge Corridor,891.340149
L'amoreaux,398.8676408
Henry Farm,203.59005
Eglinton East,786.8045095
Eringate-centennial-west Deane,391.2588108
Dorset Park,789.3472009
Mimico,934.1756475
Runnymede-bloor West Village,582.1681581
Stonegate-queensway,749.9012274
Mount Pleasant East,670.7476167
L'amoreaux,679.2252489
Dorset Park,590.6312484
Waterfront Communities-The Island,448.967225
Rexdale-kipling,264.6731771
Islington-city Centre West,680.361697
New Toronto,665.6236135
Cabbagetown-south St. James Town,519.3198371
Annex,818.2023054
Moss Park,272.5442529
Niagara,837.2054869
Niagara,879.6114263
Mount Pleasant East,862.2348804
Niagara,709.4475927
Parkwoods-donalda,1061.467166
L'amoreaux,620.0953658
Agincourt South-malvern West,755.9577106
Bay Street Corridor,383.6330065
Malvern,492.5390233
Islington-city Centre West,721.6222454
Morningside,771.562145
Church-yonge Corridor,643.3019271
Malvern,888.0074865
Rexdale-kipling,887.0222733
Islington-city Centre West,624.6010473
New Toronto,623.2222226
Stonegate-queensway,755.138429
Niagara,628.3829934
Niagara,753.6023421
Princess-rosethorn,800.2606692
Waterfront Communities-The Island,603.5516624
Yorkdale-glen Park,368.9953765
Willowdale East,689.7741008
Rosedale-moore Park,788.7214299
Morningside,775.4237863
Church-yonge Corridor,461.6395107
Malvern,549.1303075
Waterfront Communities-The Island,744.7325116
Lawrence Park South,1017.463186
Waterfront Communities-The Island,725.5580206
Bedford Park-nortown,534.2116339
Bedford Park-nortown,439.6864177
Bendale,597.9548594
Milliken,1036.907854
Bay Street Corridor,830.8444469
Rockcliffe-smythe,632.3770192
Waterfront Communities-The Island,519.5503213
Eglinton East,299.0292357
Bayview Village,612.1505295
Waterfront Communities-The Island,348.6240378
Woodbine Corridor,805.3201693
Agincourt South-malvern West,386.866379
Flemingdon Park,442.1448972
Kingsview Village-the Westway,813.4047779
Mount Pleasant West,419.5234629
Edenbridge-humber Valley,765.5731856
Woburn,578.8948646
Mimico,735.5959829
Caledonia-fairbank,271.0961212
Islington-city Centre West,660.7845547
Woburn,610.9897247
Danforth Village-east York,728.7566894
Waterfront Communities-The Island,428.3402566
Banbury-don Mills,721.8424104
Dovercourt-wallace Emerson-junction,381.3672815
Church-yonge Corridor,255.2685461
High Park North,289.0109902
Morningside,627.9495615
Rexdale-kipling,644.0721249
Willowdale East,661.4127593
New Toronto,1028.534817
Rockcliffe-smythe,799.4313201
Church-yonge Corridor,533.9309926
Forest Hill North,1081.972363
The Beaches,618.4545077
Henry Farm,750.8004068
Oakridge,635.8633202
Niagara,891.4308943
Waterfront Communities-The Island,610.0819369
Humbermede,908.5661938
Willowdale East,729.6652155
Mimico,624.6965857
Malvern,591.0372086
Bay Street Corridor,708.3843824
Church-yonge Corridor,845.2143861
Willowdale East,627.6906938
Bathurst Manor,899.98379
Kingsview Village-the Westway,471.0260625
Mount Olive-silverstone-jamestown,680.0127578
Downsview-roding-cfb,711.6804451
Mimico,802.4896109
Bay Street Corridor,669.406466
Bay Street Corridor,714.2281813
L'amoreaux,532.6042287
Weston-pellam Park,683.9541329
Lawrence Park North,651.4646278
Ionview,882.1709106
Willowdale East,361.4449954
Waterfront Communities-The Island,922.3561284
Niagara,445.0230396
Mount Pleasant West,425.3200139
The Beaches,781.2961615
Downsview-roding-cfb,515.5197302
Parkwoods-donalda,577.4539541
Englemount-lawrence,740.6168478
Church-yonge Corridor,738.9465056
Mimico,354.0214585
Dorset Park,836.2948936
Mount Pleasant West,726.9561849
Humber Heights,557.0963929
Willowdale East,823.5927088
Annex,819.5620942
Henry Farm,668.9318271
Niagara,302.8547428
L'amoreaux,892.8143643
Malvern,791.2536336
Waterfront Communities-The Island,282.4352268
Willowdale East,772.419193
Willowdale West,636.9943529
Willowdale East,870.8325032
Flemingdon Park,605.7428955
Willowdale West,322.8236363
Kensington-chinatown,726.5835111
Banbury-don Mills,884.4310032
Forest Hill North,747.9004621
Corso Italia-davenport,802.7074861
Islington-city Centre West,782.6391894
Annex,635.8639207
Wexford-maryvale,609.5667601
Bayview Village,333.5285521
High Park-swansea,697.8546488
Regent Park,573.0659813
Newtonbrook East,835.1584658
Waterfront Communities-The Island,700.2375091
Bay Street Corridor,388.7993141
Yorkdale-glen Park,653.6091818
Dovercourt-wallace Emerson-junction,747.0078573
Eglinton East,506.9977676
Kensington-chinatown,517.7560909
Waterfront Communities-The Island,484.5410538
Willowdale East,868.9809715
Woburn,667.2806688
Cabbagetown-south St. James Town,330.4367288
Niagara,675.3544891
Church-yonge Corridor,730.4700546
Malvern,666.9746752
Willowdale East,810.3456253
South Riverdale,678.8737044
Rosedale-moore Park,675.2647537
Mimico,617.9255544
Islington-city Centre West,616.9833751
Newtonbrook East,937.1941901
Waterfront Communities-The Island,937.2296937
Bay Street Corridor,783.8887324
Humber Heights,433.0557146
Church-yonge Corridor,719.7806988
Kennedy Park,456.425476
Mimico,808.4429855
Banbury-don Mills,586.2989627
Newtonbrook East,581.5798924
Willowdale East,439.0770325
Waterfront Communities-The Island,951.9668881
Niagara,579.6915244
Willowdale East,843.2270399
Princess-rosethorn,663.8609687
Bathurst Manor,916.8929907
Church-yonge Corridor,722.6290389
Malvern,783.5521433
Woburn,645.9401088
L'amoreaux,722.7291678
Woodbine-lumsden,617.7465661
Willowdale East,435.4940389
Bayview Village,680.803138
Mimico,665.6763305
Weston,353.6235784
Bay Street Corridor,678.7564575
Willowdale West,582.437257
Niagara,950.0074704
Newtonbrook East,729.5570493
Downsview-roding-cfb,288.8664809
Weston,742.893481
Henry Farm,933.2116443
L'amoreaux,753.2502825
Princess-rosethorn,610.0105431
Woburn,399.2063429
Clairlea-birchmount,726.5060516
Bayview Village,626.4658138
Willowdale East,699.9283891
Bay Street Corridor,726.9308207
Bay Street Corridor,777.7909599
Roncesvalles,605.814768
Annex,903.2116857
Bendale,551.8463745
Mimico,765.9300093
Long Branch,879.1509011